{
	"info": {
		"_postman_id": "6e8c7025-42cb-4ae1-a80a-d3b487e21c8a",
		"name": "Region_Api",
		"schema": "https://schema.getpostman.com/json/collection/v2.1.0/collection.json",
		"_exporter_id": "19796383",
		"_collection_link": "https://crimson-meadow-954539.postman.co/workspace/549ed377-a5bb-4212-8c0e-dcc7cad09395/collection/19796383-6e8c7025-42cb-4ae1-a80a-d3b487e21c8a?action=share&source=collection_link&creator=19796383"
	},
	"item": [
		{
			"name": "New Request",
			"event": [
				{
					"listen": "test",
					"script": {
						"exec": [
							" pm.test(\"Status code is 200\", function () {\r",
							"       pm.response.to.have.status(200);\r",
							"   });\r",
							"\r",
							"   pm.test(\"Response should contain data\", function () {\r",
							"       pm.response.to.have.jsonBody(\"length\");\r",
							"   });\r",
							"\r",
							"   pm.test(\"Response contains Northern Europe subregion\", function () {\r",
							"       pm.expect(pm.response.json().subregion).to.eql(\"Northern Europe\");\r",
							"   });"
						],
						"type": "text/javascript"
					}
				}
			],
			"request": {
				"method": "GET",
				"header": [],
				"url": {
					"raw": "https://restcountries.com/v3.1/subregion/Northern%20Europe",
					"protocol": "https",
					"host": [
						"restcountries",
						"com"
					],
					"path": [
						"v3.1",
						"subregion",
						"Northern%20Europe"
					]
				},
				"description": "[https://restcountries.com/v3.1/subregion/Northern%20Europe](https://restcountries.com/v3.1/subregion/Northern%20Europe)"
			},
			"response": []
		}
	]
}